{"cameraMode":{"drawMode":0,"name":"Shaded","section":"Shading Mode"},"sceneLighting":false,"audioPlay":false,"sceneViewState":{"showFog":true,"showMaterialUpdate":false,"showSkybox":true,"showFlares":true,"showImageEffects":true,"showParticleSystems":true},"in2DMode":false,"pivot":{"x":-6.364872455596924,"y":1.923466682434082,"z":8.874412536621094},"rotation":{"x":-0.2689282298088074,"y":-0.028318550437688829,"z":0.007913927547633648,"w":-0.962720513343811},"size":21.050081253051759,"orthographic":false}