{"cameraMode":{"drawMode":0,"name":"Shaded","section":"Shading Mode"},"sceneLighting":false,"audioPlay":false,"sceneViewState":{"showFog":true,"showMaterialUpdate":false,"showSkybox":true,"showFlares":true,"showImageEffects":true,"showParticleSystems":true},"in2DMode":false,"pivot":{"x":-0.42543721199035647,"y":2.0215415954589845,"z":1.4909026622772217},"rotation":{"x":-0.07403680682182312,"y":0.918717622756958,"z":-0.20768989622592927,"w":-0.3277330994606018},"size":4.810866355895996,"orthographic":false}