{"cameraMode":{"drawMode":0,"name":"Shaded","section":"Shading Mode"},"sceneLighting":false,"audioPlay":false,"sceneViewState":{"showFog":true,"showMaterialUpdate":true,"showSkybox":true,"showFlares":true,"showImageEffects":true,"showParticleSystems":true},"in2DMode":false,"pivot":{"x":3.1911110877990724,"y":2.000000238418579,"z":-3.1911087036132814},"rotation":{"x":0.5910283327102661,"y":-0.15120616555213929,"z":0.11397494375705719,"w":0.7841163277626038},"size":32.48154067993164,"orthographic":false}