{"cameraMode":{"drawMode":0,"name":"Shaded","section":"Shading Mode"},"sceneLighting":false,"audioPlay":false,"sceneViewState":{"showFog":true,"showMaterialUpdate":false,"showSkybox":true,"showFlares":true,"showImageEffects":true,"showParticleSystems":true},"in2DMode":false,"pivot":{"x":-1.1574549674987794,"y":1.2066879272460938,"z":-0.1171412467956543},"rotation":{"x":-0.07403680682182312,"y":0.918717622756958,"z":-0.20768989622592927,"w":-0.3277330994606018},"size":8.23836898803711,"orthographic":false}