{"cameraMode":{"drawMode":0,"name":"Shaded","section":"Shading Mode"},"sceneLighting":false,"audioPlay":false,"sceneViewState":{"showFog":true,"showMaterialUpdate":false,"showSkybox":true,"showFlares":true,"showImageEffects":true,"showParticleSystems":true},"in2DMode":false,"pivot":{"x":0.0,"y":2.048353910446167,"z":-0.008342951536178589},"rotation":{"x":-0.07403680682182312,"y":0.918717622756958,"z":-0.20768989622592927,"w":-0.3277330994606018},"size":7.639732360839844,"orthographic":false}