{"cameraMode":{"drawMode":0,"name":"Shaded","section":"Shading Mode"},"sceneLighting":false,"audioPlay":false,"sceneViewState":{"showFog":true,"showMaterialUpdate":false,"showSkybox":false,"showFlares":true,"showImageEffects":true,"showParticleSystems":true},"in2DMode":false,"pivot":{"x":2.2309412956237795,"y":-1.0761981010437012,"z":-2.184950828552246},"rotation":{"x":0.042481303215026858,"y":-0.9575196504592896,"z":0.20198509097099305,"w":0.20138278603553773},"size":15.356332778930664,"orthographic":false}