{"cameraMode":{"drawMode":0,"name":"Shaded","section":"Shading Mode"},"sceneLighting":false,"audioPlay":false,"sceneViewState":{"showFog":false,"showMaterialUpdate":false,"showSkybox":false,"showFlares":false,"showImageEffects":false,"showParticleSystems":false},"in2DMode":false,"pivot":{"x":73.80780792236328,"y":3.1030921936035158,"z":-37.5387077331543},"rotation":{"x":0.1791543960571289,"y":-0.7889649868011475,"z":0.27104198932647707,"w":0.5215598344802856},"size":10.195927619934082,"orthographic":false}