{"cameraMode":{"drawMode":0,"name":"Shaded","section":"Shading Mode"},"sceneLighting":false,"audioPlay":false,"sceneViewState":{"showFog":true,"showMaterialUpdate":false,"showSkybox":true,"showFlares":true,"showImageEffects":true,"showParticleSystems":true},"in2DMode":false,"pivot":{"x":-1.8832097053527833,"y":2.2764205932617189,"z":-1.7226104736328126},"rotation":{"x":0.11956131458282471,"y":0.20107267796993257,"z":-0.02473432570695877,"w":0.9719384908676148},"size":16.660799026489259,"orthographic":false}