{"cameraMode":{"drawMode":0,"name":"Shaded","section":"Shading Mode"},"sceneLighting":false,"audioPlay":false,"sceneViewState":{"showFog":true,"showMaterialUpdate":false,"showSkybox":true,"showFlares":true,"showImageEffects":true,"showParticleSystems":true},"in2DMode":false,"pivot":{"x":0.05846548080444336,"y":1.5818185806274415,"z":0.20955276489257813},"rotation":{"x":-0.07403680682182312,"y":0.918717622756958,"z":-0.20768989622592927,"w":-0.3277330994606018},"size":4.6687703132629398,"orthographic":false}