{"cameraMode":{"drawMode":0,"name":"Shaded","section":"Shading Mode"},"sceneLighting":false,"audioPlay":false,"sceneViewState":{"showFog":false,"showMaterialUpdate":false,"showSkybox":false,"showFlares":false,"showImageEffects":false,"showParticleSystems":false},"in2DMode":false,"pivot":{"x":-0.49303197860717776,"y":-2.2602767944335939,"z":1.9663705825805665},"rotation":{"x":0.08865362405776978,"y":-0.9100677967071533,"z":0.3105110824108124,"w":0.2598286271095276},"size":17.334774017333986,"orthographic":false}