{"cameraMode":{"drawMode":0,"name":"Shaded","section":"Shading Mode"},"sceneLighting":false,"audioPlay":false,"sceneViewState":{"showFog":true,"showMaterialUpdate":false,"showSkybox":true,"showFlares":true,"showImageEffects":true,"showParticleSystems":true},"in2DMode":false,"pivot":{"x":-1.5660829544067383,"y":1.985607624053955,"z":1.7246885299682618},"rotation":{"x":0.05062081664800644,"y":0.4193936288356781,"z":-0.023431777954101564,"w":0.9060950875282288},"size":11.747572898864746,"orthographic":false}