{"cameraMode":{"drawMode":0,"name":"Shaded","section":"Shading Mode"},"sceneLighting":false,"audioPlay":false,"sceneViewState":{"showFog":true,"showMaterialUpdate":false,"showSkybox":true,"showFlares":true,"showImageEffects":true,"showParticleSystems":true},"in2DMode":false,"pivot":{"x":3.953369140625,"y":2.5812177658081056,"z":-4.41463041305542},"rotation":{"x":0.1810549795627594,"y":-0.3768830895423889,"z":0.07537753134965897,"w":0.9052618145942688},"size":10.347456932067871,"orthographic":false}