{"cameraMode":{"drawMode":0,"name":"Shaded","section":"Shading Mode"},"sceneLighting":false,"audioPlay":false,"sceneViewState":{"showFog":true,"showMaterialUpdate":false,"showSkybox":true,"showFlares":true,"showImageEffects":true,"showParticleSystems":true},"in2DMode":false,"pivot":{"x":-15.900643348693848,"y":1.220517635345459,"z":-39.4076042175293},"rotation":{"x":-0.22151044011116029,"y":0.14446307718753816,"z":-0.03320641815662384,"w":-0.9638428688049316},"size":12.161325454711914,"orthographic":false}