{"cameraMode":{"drawMode":0,"name":"Shaded","section":"Shading Mode"},"sceneLighting":false,"audioPlay":false,"sceneViewState":{"showFog":false,"showMaterialUpdate":false,"showSkybox":false,"showFlares":false,"showImageEffects":false,"showParticleSystems":false},"in2DMode":false,"pivot":{"x":-2.8499667644500734,"y":1.984375,"z":-2.77471923828125},"rotation":{"x":0.7049823999404907,"y":0.0015085998456925154,"z":-0.0015024413587525488,"w":0.7092249393463135},"size":95.76807403564453,"orthographic":true}