{"cameraMode":{"drawMode":0,"name":"Shaded","section":"Shading Mode"},"sceneLighting":false,"audioPlay":false,"sceneViewState":{"showFog":true,"showMaterialUpdate":false,"showSkybox":true,"showFlares":true,"showImageEffects":true,"showParticleSystems":true},"in2DMode":false,"pivot":{"x":-1.6795475482940674,"y":-6.122352600097656,"z":-6.316598892211914},"rotation":{"x":0.7007124423980713,"y":0.0021405008155852558,"z":-0.0021021380089223387,"w":0.7134397625923157},"size":47.529727935791019,"orthographic":false}