{"cameraMode":{"drawMode":0,"name":"Shaded","section":"Shading Mode"},"sceneLighting":false,"audioPlay":false,"sceneViewState":{"showFog":false,"showMaterialUpdate":false,"showSkybox":false,"showFlares":false,"showImageEffects":false,"showParticleSystems":false},"in2DMode":false,"pivot":{"x":-1.9490385055541993,"y":-0.7183022499084473,"z":-1.4333977699279786},"rotation":{"x":0.2478363960981369,"y":0.5180380344390869,"z":-0.15990594029426576,"w":0.802899181842804},"size":23.05036163330078,"orthographic":false}