{"cameraMode":{"drawMode":0,"name":"Shaded","section":"Shading Mode"},"sceneLighting":false,"audioPlay":false,"sceneViewState":{"showFog":true,"showMaterialUpdate":false,"showSkybox":true,"showFlares":true,"showImageEffects":true,"showParticleSystems":true},"in2DMode":false,"pivot":{"x":-16.046737670898439,"y":0.22284317016601563,"z":0.2808748185634613},"rotation":{"x":-0.14769554138183595,"y":-0.706146240234375,"z":0.1545005738735199,"w":-0.6750510334968567},"size":11.645663261413575,"orthographic":false}